course_id,score_course_name,moodle_course_name,score_rows,students,tests,min_date,max_date,moodle_category_path,year_category,grade_level,grade_source,school_level,subject,subject_source,class_group
221,2020年度EEC1[高1],2020年度EEC1[高1],279,279,1,,,2020年度 > 高1 > 英語,2020年度,高1,moodle_category,senior_high,英語,moodle_category,
222,2020年度数学[高1],2020年度数学[高1],2141,285,16,,,2020年度 > 高1 > 数学,2020年度,高1,moodle_category,senior_high,数学,moodle_category,
224,2020年度EEC2[高2],2020年度EEC2[高2],274,274,1,,,2020年度 > 高2 > 英語,2020年度,高2,moodle_category,senior_high,英語,moodle_category,
237,2020年度数学[中2]A組,2020年度数学[中2]A組,346,40,45,2020-06-12,2020-09-14,2020年度 > 中2 > 数学,2020年度,中2,moodle_category,junior_high,数学,moodle_category,A組
238,2020年度数学[中2]B組,2020年度数学[中2]B組,339,40,43,2020-06-12,2020-09-14,2020年度 > 中2 > 数学,2020年度,中2,moodle_category,junior_high,数学,moodle_category,B組
239,2020年度数学[中2]C組,2020年度数学[中2]C組,333,39,45,2020-06-12,2020-09-14,2020年度 > 中2 > 数学,2020年度,中2,moodle_category,junior_high,数学,moodle_category,C組
240,2020年度英語[中2]A組,2020年度英語[中2]A組,346,40,9,2020-06-12,2020-09-14,2020年度 > 中2 > 英語,2020年度,中2,moodle_category,junior_high,英語,moodle_category,A組
241,2020年度英語[中2]B組,2020年度英語[中2]B組,336,40,9,2020-06-12,2020-09-14,2020年度 > 中2 > 英語,2020年度,中2,moodle_category,junior_high,英語,moodle_category,B組
242,2020年度英語[中2]C組,2020年度英語[中2]C組,333,39,9,2020-06-12,2020-09-14,2020年度 > 中2 > 英語,2020年度,中2,moodle_category,junior_high,英語,moodle_category,C組
245,2020年度数学[中3]A組,2020年度数学[中3]A組,350,40,9,2020-06-12,2020-09-14,2020年度 > 中3 > 数学,2020年度,中3,moodle_category,junior_high,数学,moodle_category,A組
246,2020年度数学[中3]B組,2020年度数学[中3]B組,352,40,9,2020-06-12,2020-09-14,2020年度 > 中3 > 数学,2020年度,中3,moodle_category,junior_high,数学,moodle_category,B組
247,2020年度数学[中3]C組,2020年度数学[中3]C組,343,40,9,2020-06-12,2020-09-14,2020年度 > 中3 > 数学,2020年度,中3,moodle_category,junior_high,数学,moodle_category,C組
248,2020年度英語[中3]A組,2020年度英語[中3]A組,351,40,9,2020-06-12,2020-09-14,2020年度 > 中3 > 英語,2020年度,中3,moodle_category,junior_high,英語,moodle_category,A組
249,2020年度英語[中3]B組,2020年度英語[中3]B組,353,40,9,2020-06-12,2020-09-14,2020年度 > 中3 > 英語,2020年度,中3,moodle_category,junior_high,英語,moodle_category,B組
25,2019年度前期数学[中1]A組前半,2019年度前期数学[中1]A組前半,40,20,2,2019-04-10,2019-09-11,2019年度前期 > 中1 > 数学,2019年度前期,中1,moodle_category,junior_high,数学,moodle_category,A組
250,2020年度英語[中3]C組,2020年度英語[中3]C組,343,40,9,2020-06-12,2020-09-14,2020年度 > 中3 > 英語,2020年度,中3,moodle_category,junior_high,英語,moodle_category,C組
254,2020年度数学[中1]A組,2020年度数学[中1]A組,443,41,11,2020-06-12,2020-09-14,2020年度 > 中1 > 数学,2020年度,中1,moodle_category,junior_high,数学,moodle_category,A組
255,2020年度数学[中1]B組,2020年度数学[中1]B組,394,40,10,2020-06-12,2020-09-14,2020年度 > 中1 > 数学,2020年度,中1,moodle_category,junior_high,数学,moodle_category,B組
256,2020年度数学[中1]C組,2020年度数学[中1]C組,394,40,10,2020-06-12,2020-09-14,2020年度 > 中1 > 数学,2020年度,中1,moodle_category,junior_high,数学,moodle_category,C組
257,2020年度英語[中1]A組,2020年度英語[中1]A組,319,40,8,2020-09-14,2020-09-14,2020年度 > 中1 > 英語,2020年度,中1,moodle_category,junior_high,英語,moodle_category,A組
258,2020年度英語[中1]B組,2020年度英語[中1]B組,315,40,8,2020-09-14,2020-09-14,2020年度 > 中1 > 英語,2020年度,中1,moodle_category,junior_high,英語,moodle_category,B組
259,2020年度英語[中1]C組,2020年度英語[中1]C組,274,40,7,2020-09-14,2020-09-14,2020年度 > 中1 > 英語,2020年度,中1,moodle_category,junior_high,英語,moodle_category,C組
26,2019年度前期数学[中1]A組後半,2019年度前期数学[中1]A組後半,39,20,2,2019-04-10,2019-09-11,2019年度前期 > 中1 > 数学,2019年度前期,中1,moodle_category,junior_high,数学,moodle_category,A組
27,2019年度前期数学[中1]B組前半,2019年度前期数学[中1]B組前半,40,20,2,2019-04-10,2019-09-11,2019年度前期 > 中1 > 数学,2019年度前期,中1,moodle_category,junior_high,数学,moodle_category,B組
28,2019年度前期数学[中1]B組後半,2019年度前期数学[中1]B組後半,40,20,2,2019-04-10,2019-09-11,2019年度前期 > 中1 > 数学,2019年度前期,中1,moodle_category,junior_high,数学,moodle_category,B組
280,2020年度 教員への研修会,2020年度 教員への研修会,269,206,4,,,SK,SK,,unclassified,,,unclassified,
29,2019年度前期数学[中1]C組前半,2019年度前期数学[中1]C組前半,39,20,2,2019-04-10,2019-09-11,2019年度前期 > 中1 > 数学,2019年度前期,中1,moodle_category,junior_high,数学,moodle_category,C組
31,2019年度前期数学[中2]A組前半,2019年度前期数学[中2]A組前半,40,20,2,2019-04-10,2019-09-11,2019年度前期 > 中2 > 数学,2019年度前期,中2,moodle_category,junior_high,数学,moodle_category,A組
310,2020年度IEC1[高1],2020年度IEC1[高1],790,284,6,,,2020年度 > 高1 > 英語,2020年度,高1,moodle_category,senior_high,英語,moodle_category,
311,2020年度IEC2[高2],2020年度IEC2[高2],2072,273,31,,,2020年度 > 高2 > 英語,2020年度,高2,moodle_category,senior_high,英語,moodle_category,
316,2021年度IEC1[高1],2021年度IEC1[高1],1114,280,4,,,2021年度 > 高校,2021年度,高1,course_name,senior_high,英語,course_name_program_code,
32,2019年度前期数学[中2]A組後半,2019年度前期数学[中2]A組後半,38,20,2,2019-04-10,2019-09-11,2019年度前期 > 中2 > 数学,2019年度前期,中2,moodle_category,junior_high,数学,moodle_category,A組
321,2021年度数学[中1]A組,2021年度数学[中1]A組,240,40,6,2021-04-09,2021-10-18,2021年度 > 中1 > 数学,2021年度,中1,moodle_category,junior_high,数学,moodle_category,A組
322,2021年度数学[中1]B組,2021年度数学[中1]B組,240,40,6,2021-04-09,2021-10-18,2021年度 > 中1 > 数学,2021年度,中1,moodle_category,junior_high,数学,moodle_category,B組
323,2021年度数学[中1]C組,2021年度数学[中1]C組,235,40,6,2021-04-09,2021-10-18,2021年度 > 中1 > 数学,2021年度,中1,moodle_category,junior_high,数学,moodle_category,C組
324,2021年度英語[中1]A組,2021年度英語[中1]A組,240,40,6,2021-04-09,2021-10-18,2021年度 > 中1 > 英語,2021年度,中1,moodle_category,junior_high,英語,moodle_category,A組
325,2021年度英語[中1]B組,2021年度英語[中1]B組,239,40,6,2021-04-09,2021-10-18,2021年度 > 中1 > 英語,2021年度,中1,moodle_category,junior_high,英語,moodle_category,B組
326,2021年度英語[中1]C組,2021年度英語[中1]C組,237,40,6,2021-04-09,2021-10-18,2021年度 > 中1 > 英語,2021年度,中1,moodle_category,junior_high,英語,moodle_category,C組
33,2019年度前期数学[中2]B組前半,2019年度前期数学[中2]B組前半,40,20,2,2019-04-10,2019-09-11,2019年度前期 > 中2 > 数学,2019年度前期,中2,moodle_category,junior_high,数学,moodle_category,B組
336,2021年度数学[中2]A組,2021年度数学[中2]A組,232,40,6,2021-04-09,2021-10-18,2021年度 > 中2 > 数学,2021年度,中2,moodle_category,junior_high,数学,moodle_category,A組
337,2021年度数学[中2]B組,2021年度数学[中2]B組,234,40,6,2021-04-09,2021-10-18,2021年度 > 中2 > 数学,2021年度,中2,moodle_category,junior_high,数学,moodle_category,B組
338,2021年度数学[中2]C組,2021年度数学[中2]C組,232,40,6,2021-04-09,2021-10-18,2021年度 > 中2 > 数学,2021年度,中2,moodle_category,junior_high,数学,moodle_category,C組
339,2021年度英語[中2]A組,2021年度英語[中2]A組,233,40,6,2021-04-09,2021-10-18,2021年度 > 中2 > 英語,2021年度,中2,moodle_category,junior_high,英語,moodle_category,A組
34,2019年度前期数学[中2]B組後半,2019年度前期数学[中2]B組後半,40,20,2,2019-04-10,2019-09-11,2019年度前期 > 中2 > 数学,2019年度前期,中2,moodle_category,junior_high,数学,moodle_category,B組
340,2021年度英語[中2]B組,2021年度英語[中2]B組,235,40,6,2021-04-09,2021-10-18,2021年度 > 中2 > 英語,2021年度,中2,moodle_category,junior_high,英語,moodle_category,B組
341,2021年度その他の教科[中2],2021年度その他の教科[中2],236,120,2,,,2021年度 > 中2,2021年度,中2,moodle_category,junior_high,,unclassified,
35,2019年度前期数学[中2]C組前半,2019年度前期数学[中2]C組前半,40,20,2,2019-04-10,2019-09-11,2019年度前期 > 中2 > 数学,2019年度前期,中2,moodle_category,junior_high,数学,moodle_category,C組
350,2021年度数学[中3]A組,2021年度数学[中3]A組,231,39,6,2021-04-09,2021-10-18,2021年度 > 中3 > 数学,2021年度,中3,moodle_category,junior_high,数学,moodle_category,A組
351,2021年度数学[中3]Ｂ組,2021年度数学[中3]Ｂ組,233,40,6,2021-04-09,2021-10-18,2021年度 > 中3 > 数学,2021年度,中3,moodle_category,junior_high,数学,moodle_category,Ｂ組
352,2021年度数学[中3]C組,2021年度数学[中3]C組,223,39,6,2021-04-09,2021-10-18,2021年度 > 中3 > 数学,2021年度,中3,moodle_category,junior_high,数学,moodle_category,C組
353,2021年度英語[中3]A組,2021年度英語[中3]A組,229,39,6,2021-04-09,2021-10-18,2021年度 > 中3 > 英語,2021年度,中3,moodle_category,junior_high,英語,moodle_category,A組
354,2021年度英語[中3]B組,2021年度英語[中3]B組,232,40,6,2021-04-09,2021-10-18,2021年度 > 中3 > 英語,2021年度,中3,moodle_category,junior_high,英語,moodle_category,B組
355,2021年度英語[中3]C組,2021年度英語[中3]C組,223,39,6,2021-04-09,2021-10-18,2021年度 > 中3 > 英語,2021年度,中3,moodle_category,junior_high,英語,moodle_category,C組
36,2019年度前期数学[中2]C組後半,2019年度前期数学[中2]C組後半,37,19,2,2019-04-10,2019-09-11,2019年度前期 > 中2 > 数学,2019年度前期,中2,moodle_category,junior_high,数学,moodle_category,C組
367,2021年度英語[中2]C組,2021年度英語[中2]C組,230,40,6,2021-04-09,2021-10-18,2021年度 > 中2 > 英語,2021年度,中2,moodle_category,junior_high,英語,moodle_category,C組
37,2019年度前期数学[中3]A組,2019年度前期数学[中3]A組,78,40,2,2019-04-10,2019-09-11,2019年度前期 > 中3 > 数学,2019年度前期,中3,moodle_category,junior_high,数学,moodle_category,A組
370,2021年度数学[高1],2021年度数学[高1],2193,279,8,,,2021年度 > 高校,2021年度,高1,course_name,senior_high,数学,course_name,
371,2021年度IEC2[高2],2021年度IEC2[高2],1105,279,4,,,2021年度 > 高校,2021年度,高2,course_name,senior_high,英語,course_name_program_code,
386,2022年度IEC1[高1],2022年度IEC1[高1],1093,279,4,2023-02-24,2023-02-24,2022年度 > 高校,2022年度,高1,course_name,senior_high,英語,course_name_program_code,
387,2022年度EEC1[高1],2022年度EEC1[高1],268,268,1,2023-02-24,2023-02-24,2022年度 > 高校,2022年度,高1,course_name,senior_high,英語,course_name_program_code,
388,2022年度数学[高1],2022年度数学[高1],1094,279,4,2023-02-24,2023-02-24,2022年度 > 高校,2022年度,高1,course_name,senior_high,数学,course_name,
389,2022年度IEC2[高2],2022年度IEC2[高2],1069,276,4,2023-03-03,2023-03-03,2022年度 > 高校,2022年度,高2,course_name,senior_high,英語,course_name_program_code,
39,2019年度前期数学[中3]B組,2019年度前期数学[中3]B組,78,40,2,2019-04-10,2019-09-11,2019年度前期 > 中3 > 数学,2019年度前期,中3,moodle_category,junior_high,数学,moodle_category,B組
390,2022年度EEC2[高2],2022年度EEC2[高2],266,266,1,2023-03-03,2023-03-03,2022年度 > 高校,2022年度,高2,course_name,senior_high,英語,course_name_program_code,
391,2022年度数学[高2],2022年度数学[高2],1079,276,4,2023-03-03,2023-03-03,2022年度 > 高校,2022年度,高2,course_name,senior_high,数学,course_name,
397,2022年度1年A組英語[中学],2022年度1年A組英語[中学],277,40,7,2022-04-11,2023-02-21,2022年度 > 中1,2022年度,中1,moodle_category,junior_high,英語,course_name,A組
398,2022年度1年B組英語[中学],2022年度1年B組英語[中学],280,40,7,2022-04-11,2023-02-21,2022年度 > 中1,2022年度,中1,moodle_category,junior_high,英語,course_name,B組
399,2022年度1年C組英語[中学],2022年度1年C組英語[中学],278,40,7,2022-04-11,2023-02-21,2022年度 > 中1,2022年度,中1,moodle_category,junior_high,英語,course_name,C組
400,2022年度1年A組数学[中学],2022年度1年A組数学[中学],280,40,7,2022-04-11,2023-02-22,2022年度 > 中1,2022年度,中1,moodle_category,junior_high,数学,course_name,A組
401,2022年度1年B組数学[中学],2022年度1年B組数学[中学],280,40,7,2022-04-11,2023-02-22,2022年度 > 中1,2022年度,中1,moodle_category,junior_high,数学,course_name,B組
402,2022年度1年C組数学[中学],2022年度1年C組数学[中学],280,40,7,2022-04-11,2023-02-22,2022年度 > 中1,2022年度,中1,moodle_category,junior_high,数学,course_name,C組
41,2019年度前期数学[中3]C組,2019年度前期数学[中3]C組,77,40,2,2019-04-10,2019-09-11,2019年度前期 > 中3 > 数学,2019年度前期,中3,moodle_category,junior_high,数学,moodle_category,C組
411,2022年度2年A組数学[中学],2022年度2年A組数学[中学],272,39,7,2022-04-11,2023-02-22,2022年度 > 中2,2022年度,中2,moodle_category,junior_high,数学,course_name,A組
412,2022年度2年B組数学[中学],2022年度2年B組数学[中学],271,39,7,2022-04-11,2023-02-22,2022年度 > 中2,2022年度,中2,moodle_category,junior_high,数学,course_name,B組
413,2022年度2年C組数学[中学],2022年度2年C組数学[中学],277,40,7,2022-04-11,2023-02-22,2022年度 > 中2,2022年度,中2,moodle_category,junior_high,数学,course_name,C組
414,2022年度3年A組数学[中学],2022年度3年A組数学[中学],277,40,7,2022-04-11,2023-02-22,2022年度 > 中3,2022年度,中3,moodle_category,junior_high,数学,course_name,A組
415,2022年度3年B組数学[中学],2022年度3年B組数学[中学],266,39,7,2022-04-11,2023-02-22,2022年度 > 中3,2022年度,中3,moodle_category,junior_high,数学,course_name,B組
416,2022年度3年C組数学[中学],2022年度3年C組数学[中学],263,39,7,2022-04-11,2023-02-22,2022年度 > 中3,2022年度,中3,moodle_category,junior_high,数学,course_name,C組
418,2022年度2年C組英語[中学],2022年度2年C組英語[中学],271,40,7,2022-04-11,2023-02-21,2022年度 > 中2,2022年度,中2,moodle_category,junior_high,英語,course_name,C組
419,2022年度2年B組英語[中学],2022年度2年B組英語[中学],268,39,7,2022-04-11,2023-02-21,2022年度 > 中2,2022年度,中2,moodle_category,junior_high,英語,course_name,B組
420,2022年度2年A組英語[中学],2022年度2年A組英語[中学],268,39,7,2022-04-11,2023-02-21,2022年度 > 中2,2022年度,中2,moodle_category,junior_high,英語,course_name,A組
429,2022年度3年C組英語[中学],2022年度3年C組英語[中学],263,39,7,2022-04-11,2023-02-21,2022年度 > 中3,2022年度,中3,moodle_category,junior_high,英語,course_name,C組
43,2019年度前期英語[中1]A組前半,2019年度前期英語[中1]A組前半,20,20,1,2019-09-11,2019-09-11,2019年度前期 > 中1 > 英語,2019年度前期,中1,moodle_category,junior_high,英語,moodle_category,A組
430,2022年度3年B組英語[中学],2022年度3年B組英語[中学],265,39,7,2022-04-11,2023-02-21,2022年度 > 中3,2022年度,中3,moodle_category,junior_high,英語,course_name,B組
431,2022年度3年A組英語[中学],2022年度3年A組英語[中学],277,40,7,2022-04-11,2023-02-21,2022年度 > 中3,2022年度,中3,moodle_category,junior_high,英語,course_name,A組
44,2019年度前期英語[中1]A組後半,2019年度前期英語[中1]A組後半,19,19,1,2019-09-11,2019-09-11,2019年度前期 > 中1 > 英語,2019年度前期,中1,moodle_category,junior_high,英語,moodle_category,A組
446,緒方研究室デモコース,緒方研究室デモコース,5,5,1,2025-01-22,2025-01-22,Course Templates,Course Templates,,unclassified,,,unclassified,
45,2019年度前期英語[中1]B組前半,2019年度前期英語[中1]B組前半,20,20,1,2019-09-11,2019-09-11,2019年度前期 > 中1 > 英語,2019年度前期,中1,moodle_category,junior_high,英語,moodle_category,B組
450,2023年度高校1年1-2組[数学]内進(前期),2023年度高校1年1-2組[数学]内進(前期),318,40,8,2023-06-08,2024-02-27,2023年度 > 高1,2023年度,高1,moodle_category,senior_high,数学,course_name,1-2組
451,2023年度高校1年1-2組[数学]外進(前期),2023年度高校1年1-2組[数学]外進(前期),336,42,8,2023-06-08,2024-02-27,2023年度 > 高1,2023年度,高1,moodle_category,senior_high,数学,course_name,1-2組
452,2023年度高校1年3-4組[数学]内進(前期),2023年度高校1年3-4組[数学]内進(前期),316,40,8,2023-06-08,2024-02-27,2023年度 > 高1,2023年度,高1,moodle_category,senior_high,数学,course_name,3-4組
453,2023年度高校1年3-4組[数学]外進(前期),2023年度高校1年3-4組[数学]外進(前期),336,42,8,2023-06-08,2024-02-27,2023年度 > 高1,2023年度,高1,moodle_category,senior_high,数学,course_name,3-4組
454,2023年度高校1年5-7組[数学]内進(前期),2023年度高校1年5-7組[数学]内進(前期),320,40,8,2023-06-08,2024-02-27,2023年度 > 高1,2023年度,高1,moodle_category,senior_high,数学,course_name,5-7組
455,2023年度高校1年5-7組[数学]外進1(前期),2023年度高校1年5-7組[数学]外進1(前期),311,40,8,2023-06-08,2024-02-27,2023年度 > 高1,2023年度,高1,moodle_category,senior_high,数学,course_name,5-7組
456,2023年度高校1年5-7組[数学]外進2(前期),2023年度高校1年5-7組[数学]外進2(前期),312,39,8,2023-06-08,2024-02-27,2023年度 > 高1,2023年度,高1,moodle_category,senior_high,数学,course_name,5-7組
457,2023年度高校2年1-2組[数学]理系発展(4⽉1⽇-6⽉20⽇),2023年度高校2年1-2組[数学]理系発展(4⽉1⽇-6⽉20⽇),84,42,2,2023-06-08,2023-06-13,2023年度 > 高2,2023年度,高2,moodle_category,senior_high,数学,course_name,1-2組
458,2023年度高校2年1-2組[数学]理系標準(4⽉1⽇-6⽉20⽇),2023年度高校2年1-2組[数学]理系標準(4⽉1⽇-6⽉20⽇),54,27,2,2023-06-08,2023-06-13,2023年度 > 高2,2023年度,高2,moodle_category,senior_high,数学,course_name,1-2組
459,2023年度高校2年1-2組[数学]理系基礎(4⽉1⽇-6⽉20⽇),2023年度高校2年1-2組[数学]理系基礎(4⽉1⽇-6⽉20⽇),31,16,2,2023-06-08,2023-06-13,2023年度 > 高2,2023年度,高2,moodle_category,senior_high,数学,course_name,1-2組
46,2019年度前期英語[中1]B組後半,2019年度前期英語[中1]B組後半,20,20,1,2019-09-11,2019-09-11,2019年度前期 > 中1 > 英語,2019年度前期,中1,moodle_category,junior_high,英語,moodle_category,B組
460,2023年度高校2年567組[数学]文系標準1(4⽉1⽇-6⽉20⽇),2023年度高校2年567組[数学]文系標準1(4⽉1⽇-6⽉20⽇),68,34,2,2023-06-08,2023-06-13,2023年度 > 高2,2023年度,高2,moodle_category,senior_high,数学,course_name,
461,2023年度高校2年567組[数学]文系基礎1(4⽉1⽇-6⽉20⽇),2023年度高校2年567組[数学]文系基礎1(4⽉1⽇-6⽉20⽇),30,15,2,2023-06-08,2023-06-13,2023年度 > 高2,2023年度,高2,moodle_category,senior_high,数学,course_name,
462,2023年度高校2年567組[数学]文系基礎2(4⽉1⽇-6⽉20⽇),2023年度高校2年567組[数学]文系基礎2(4⽉1⽇-6⽉20⽇),32,16,2,2023-06-08,2023-06-13,2023年度 > 高2,2023年度,高2,moodle_category,senior_high,数学,course_name,
463,2023年度高校2年567組[数学]文系発展(4⽉1⽇-6⽉20⽇),2023年度高校2年567組[数学]文系発展(4⽉1⽇-6⽉20⽇),68,34,2,2023-06-08,2023-06-13,2023年度 > 高2,2023年度,高2,moodle_category,senior_high,数学,course_name,
47,2019年度前期英語[中1]C組前半,2019年度前期英語[中1]C組前半,19,19,1,2019-09-11,2019-09-11,2019年度前期 > 中1 > 英語,2019年度前期,中1,moodle_category,junior_high,英語,moodle_category,C組
472,2023年度高校1年[英語]IEC1,2023年度高校1年[英語]IEC1,1132,285,4,2023-06-08,2024-02-26,2023年度 > 高1,2023年度,高1,moodle_category,senior_high,英語,course_name,
473,2023年度中学1年A組[数学],2023年度中学1年A組[数学],800,40,20,2023-04-11,2024-02-05,2023年度 > 中1,2023年度,中1,moodle_category,junior_high,数学,course_name,A組
474,2023年度中学1年B組[数学],2023年度中学1年B組[数学],800,40,20,2023-04-11,2024-02-05,2023年度 > 中1,2023年度,中1,moodle_category,junior_high,数学,course_name,B組
475,2023年度中学1年C組[数学],2023年度中学1年C組[数学],800,40,20,2023-04-11,2024-02-05,2023年度 > 中1,2023年度,中1,moodle_category,junior_high,数学,course_name,C組
476,2023年度中学1年C組[英語],2023年度中学1年C組[英語],239,40,6,2023-04-11,2024-02-01,2023年度 > 中1,2023年度,中1,moodle_category,junior_high,英語,course_name,C組
477,2023年度中学1年B組[英語],2023年度中学1年B組[英語],240,40,6,2023-04-11,2024-02-01,2023年度 > 中1,2023年度,中1,moodle_category,junior_high,英語,course_name,B組
478,2023年度中学1年A組[英語],2023年度中学1年A組[英語],240,40,6,2023-04-11,2024-02-01,2023年度 > 中1,2023年度,中1,moodle_category,junior_high,英語,course_name,A組
479,2023年度中学2年C組[数学],2023年度中学2年C組[数学],760,40,19,2023-04-11,2024-02-20,2023年度 > 中2,2023年度,中2,moodle_category,junior_high,数学,course_name,C組
48,2019年度前期英語[中1]C組後半,2019年度前期英語[中1]C組後半,20,20,1,2019-09-11,2019-09-11,2019年度前期 > 中1 > 英語,2019年度前期,中1,moodle_category,junior_high,英語,moodle_category,C組
480,2023年度中学2年B組[数学],2023年度中学2年B組[数学],756,40,19,2023-04-11,2024-02-20,2023年度 > 中2,2023年度,中2,moodle_category,junior_high,数学,course_name,B組
481,2023年度中学2年A組[数学],2023年度中学2年A組[数学],755,40,19,2023-04-11,2024-02-20,2023年度 > 中2,2023年度,中2,moodle_category,junior_high,数学,course_name,A組
482,2023年度中学2年C組[英語],2023年度中学2年C組[英語],239,40,6,2023-04-11,2024-02-01,2023年度 > 中2,2023年度,中2,moodle_category,junior_high,英語,course_name,C組
483,2023年度中学2年B組[英語],2023年度中学2年B組[英語],237,40,6,2023-04-11,2024-02-01,2023年度 > 中2,2023年度,中2,moodle_category,junior_high,英語,course_name,B組
484,2023年度中学2年A組[英語],2023年度中学2年A組[英語],238,40,6,2023-04-11,2024-02-01,2023年度 > 中2,2023年度,中2,moodle_category,junior_high,英語,course_name,A組
485,2023年度中学3年C組[数学],2023年度中学3年C組[数学],431,40,11,2023-05-15,2024-02-05,2023年度 > 中3,2023年度,中3,moodle_category,junior_high,数学,course_name,C組
486,2023年度中学3年B組[数学],2023年度中学3年B組[数学],425,39,11,2023-05-15,2024-02-05,2023年度 > 中3,2023年度,中3,moodle_category,junior_high,数学,course_name,B組
487,2023年度中学3年A組[数学],2023年度中学3年A組[数学],439,40,11,2023-05-15,2024-02-05,2023年度 > 中3,2023年度,中3,moodle_category,junior_high,数学,course_name,A組
488,2023年度中学3年C組[英語],2023年度中学3年C組[英語],156,40,4,2023-06-08,2024-02-01,2023年度 > 中3,2023年度,中3,moodle_category,junior_high,英語,course_name,C組
489,2023年度中学3年B組[英語],2023年度中学3年B組[英語],155,39,4,2023-06-08,2024-02-01,2023年度 > 中3,2023年度,中3,moodle_category,junior_high,英語,course_name,B組
49,2019年度前期英語[中2]A組前半,2019年度前期英語[中2]A組前半,40,20,2,2019-04-10,2019-09-11,2019年度前期 > 中2 > 英語,2019年度前期,中2,moodle_category,junior_high,英語,moodle_category,A組
490,2023年度中学3年A組[英語],2023年度中学3年A組[英語],160,40,4,2023-06-08,2024-02-01,2023年度 > 中3,2023年度,中3,moodle_category,junior_high,英語,course_name,A組
50,2019年度前期英語[中2]A組後半,2019年度前期英語[中2]A組後半,38,20,2,2019-04-10,2019-09-11,2019年度前期 > 中2 > 英語,2019年度前期,中2,moodle_category,junior_high,英語,moodle_category,A組
51,2019年度前期英語[中2]B組前半,2019年度前期英語[中2]B組前半,40,20,2,2019-04-10,2019-09-11,2019年度前期 > 中2 > 英語,2019年度前期,中2,moodle_category,junior_high,英語,moodle_category,B組
52,2019年度前期英語[中2]B組後半,2019年度前期英語[中2]B組後半,40,20,2,2019-04-10,2019-09-11,2019年度前期 > 中2 > 英語,2019年度前期,中2,moodle_category,junior_high,英語,moodle_category,B組
521,2023年度高校1年[英語]EEC1,2023年度高校1年[英語]EEC1,1132,285,4,2023-06-08,2024-02-21,2023年度 > 高1,2023年度,高1,moodle_category,senior_high,英語,course_name,
524,2023年度高校2年[英語]EECⅡ,2023年度高校2年[英語]EECⅡ,1080,272,4,2023-06-09,2024-03-04,2023年度 > 高2,2023年度,高2,moodle_category,senior_high,英語,course_name,
525,2023年度高校2年[英語]IECⅡ,2023年度高校2年[英語]IECⅡ,1079,272,4,2023-06-09,2024-03-08,2023年度 > 高2,2023年度,高2,moodle_category,senior_high,英語,course_name,
526,2023年度高校2年3-4組[数学]理系基礎(4⽉1⽇-6⽉20⽇),2023年度高校2年3-4組[数学]理系基礎(4⽉1⽇-6⽉20⽇),30,16,2,2023-06-08,2023-06-13,2023年度 > 高2,2023年度,高2,moodle_category,senior_high,数学,course_name,3-4組
527,2023年度高校2年3-4組[数学]理系標準(4⽉1⽇-6⽉20⽇),2023年度高校2年3-4組[数学]理系標準(4⽉1⽇-6⽉20⽇),49,25,2,2023-06-08,2023-06-13,2023年度 > 高2,2023年度,高2,moodle_category,senior_high,数学,course_name,3-4組
528,2023年度高校2年3-4組[数学]理系発展(4⽉1⽇-6⽉20⽇),2023年度高校2年3-4組[数学]理系発展(4⽉1⽇-6⽉20⽇),80,40,2,2023-06-08,2023-06-13,2023年度 > 高2,2023年度,高2,moodle_category,senior_high,数学,course_name,3-4組
529,2023年度中学1年A組[国語],2023年度中学1年A組[国語],80,40,2,2023-04-11,2023-10-12,2023年度 > 中1,2023年度,中1,moodle_category,junior_high,国語,course_name,A組
53,2019年度前期英語[中2]C組前半,2019年度前期英語[中2]C組前半,40,20,2,2019-04-10,2019-09-11,2019年度前期 > 中2 > 英語,2019年度前期,中2,moodle_category,junior_high,英語,moodle_category,C組
530,2023年度中学1年B組[国語],2023年度中学1年B組[国語],80,40,2,2023-04-11,2023-10-12,2023年度 > 中1,2023年度,中1,moodle_category,junior_high,国語,course_name,B組
531,2023年度中学1年C組[国語],2023年度中学1年C組[国語],80,40,2,2023-04-11,2023-10-12,2023年度 > 中1,2023年度,中1,moodle_category,junior_high,国語,course_name,C組
533,2023年度中学2年C組[国語],2023年度中学2年C組[国語],80,40,2,2023-04-11,2023-10-12,2023年度 > 中2,2023年度,中2,moodle_category,junior_high,国語,course_name,C組
534,2023年度中学2年B組[国語],2023年度中学2年B組[国語],78,39,2,2023-04-11,2023-10-12,2023年度 > 中2,2023年度,中2,moodle_category,junior_high,国語,course_name,B組
535,2023年度中学2年A組[国語],2023年度中学2年A組[国語],79,40,2,2023-04-11,2023-10-12,2023年度 > 中2,2023年度,中2,moodle_category,junior_high,国語,course_name,A組
54,2019年度前期英語[中2]C組後半,2019年度前期英語[中2]C組後半,37,19,2,2019-04-10,2019-09-11,2019年度前期 > 中2 > 英語,2019年度前期,中2,moodle_category,junior_high,英語,moodle_category,C組
541,2023年度⾼校2年1-2組[数学]理系基礎(6⽉21⽇-),2023年度⾼校2年1-2組[数学]理系基礎(6⽉21⽇-),26,13,2,2023-09-28,2023-10-02,2023年度 > 高2,2023年度,高2,moodle_category,senior_high,数学,course_name,1-2組
542,2023年度高校2年3-4組[数学]理系基礎(6⽉21⽇-),2023年度高校2年3-4組[数学]理系基礎(6⽉21⽇-),18,9,2,2023-09-28,2023-10-02,2023年度 > 高2,2023年度,高2,moodle_category,senior_high,数学,course_name,3-4組
543,2023年度高校2年1-2組[数学]理系標準(6⽉21⽇-),2023年度高校2年1-2組[数学]理系標準(6⽉21⽇-),46,23,2,2023-09-28,2023-10-02,2023年度 > 高2,2023年度,高2,moodle_category,senior_high,数学,course_name,1-2組
544,2023年度高校2年3-4組[数学]理系標準(6⽉21⽇-),2023年度高校2年3-4組[数学]理系標準(6⽉21⽇-),38,19,2,2023-09-28,2023-10-02,2023年度 > 高2,2023年度,高2,moodle_category,senior_high,数学,course_name,3-4組
545,2023年度高校2年1-2組[数学]理系発展(6⽉21⽇-),2023年度高校2年1-2組[数学]理系発展(6⽉21⽇-),74,37,2,2023-10-02,2024-01-12,2023年度 > 高2,2023年度,高2,moodle_category,senior_high,数学,course_name,1-2組
546,2023年度高校2年3-4組[数学]理系発展(6⽉21⽇-),2023年度高校2年3-4組[数学]理系発展(6⽉21⽇-),62,31,2,2023-09-28,2023-10-02,2023年度 > 高2,2023年度,高2,moodle_category,senior_high,数学,course_name,3-4組
547,2023年度高校2年567組[数学]文系基礎1(6⽉21⽇-),2023年度高校2年567組[数学]文系基礎1(6⽉21⽇-),34,17,2,2023-09-28,2023-10-02,2023年度 > 高2,2023年度,高2,moodle_category,senior_high,数学,course_name,
548,2023年度高校2年567組[数学]文系基礎2(6⽉21⽇-),2023年度高校2年567組[数学]文系基礎2(6⽉21⽇-),30,15,2,2023-09-28,2023-10-02,2023年度 > 高2,2023年度,高2,moodle_category,senior_high,数学,course_name,
549,2023年度高校2年567組[数学]文系標準1(6⽉21⽇-),2023年度高校2年567組[数学]文系標準1(6⽉21⽇-),42,21,2,2023-09-28,2023-10-02,2023年度 > 高2,2023年度,高2,moodle_category,senior_high,数学,course_name,
55,2019年度前期英語[中3]A組,2019年度前期英語[中3]A組,78,40,2,2019-04-10,2019-09-11,2019年度前期 > 中3 > 英語,2019年度前期,中3,moodle_category,junior_high,英語,moodle_category,A組
550,2023年度高校2年567組[数学]文系発展(6⽉21⽇-),2023年度高校2年567組[数学]文系発展(6⽉21⽇-),56,28,2,2023-09-28,2023-10-02,2023年度 > 高2,2023年度,高2,moodle_category,senior_high,数学,course_name,
552,2023年度⾼校2年1-2組[数学]理系基礎(10⽉12日-),2023年度⾼校2年1-2組[数学]理系基礎(10⽉12日-),22,11,2,2023-12-01,2023-12-05,2023年度 > 高2,2023年度,高2,moodle_category,senior_high,数学,course_name,1-2組
553,2023年度高校2年3-4組[数学]理系基礎(10⽉12日-),2023年度高校2年3-4組[数学]理系基礎(10⽉12日-),20,10,2,2023-12-01,2023-12-05,2023年度 > 高2,2023年度,高2,moodle_category,senior_high,数学,course_name,3-4組
554,2023年度高校2年1-2組[数学]理系標準(10⽉12日-),2023年度高校2年1-2組[数学]理系標準(10⽉12日-),38,19,2,2023-12-01,2023-12-05,2023年度 > 高2,2023年度,高2,moodle_category,senior_high,数学,course_name,1-2組
555,2023年度高校2年3-4組[数学]理系標準(10⽉12日-),2023年度高校2年3-4組[数学]理系標準(10⽉12日-),28,14,2,2023-12-01,2023-12-05,2023年度 > 高2,2023年度,高2,moodle_category,senior_high,数学,course_name,3-4組
556,2023年度高校2年1-2組[数学]理系発展(10⽉12日-),2023年度高校2年1-2組[数学]理系発展(10⽉12日-),66,33,2,2023-12-01,2023-12-05,2023年度 > 高2,2023年度,高2,moodle_category,senior_high,数学,course_name,1-2組
557,2023年度高校2年3-4組[数学]理系発展(10⽉12日-),2023年度高校2年3-4組[数学]理系発展(10⽉12日-),56,28,2,2023-12-01,2023-12-05,2023年度 > 高2,2023年度,高2,moodle_category,senior_high,数学,course_name,3-4組
558,2023年度高校2年567組[数学]文系基礎1(10⽉12日-),2023年度高校2年567組[数学]文系基礎1(10⽉12日-),32,16,2,2023-12-01,2023-12-05,2023年度 > 高2,2023年度,高2,moodle_category,senior_high,数学,course_name,
559,2023年度高校2年567組[数学]文系基礎2(10⽉12日-),2023年度高校2年567組[数学]文系基礎2(10⽉12日-),34,17,2,2023-12-01,2023-12-05,2023年度 > 高2,2023年度,高2,moodle_category,senior_high,数学,course_name,
560,2023年度高校2年567組[数学]文系標準1(10⽉12日-),2023年度高校2年567組[数学]文系標準1(10⽉12日-),30,15,2,2023-12-01,2023-12-05,2023年度 > 高2,2023年度,高2,moodle_category,senior_high,数学,course_name,
561,2023年度高校2年567組[数学]文系発展(10⽉12日-),2023年度高校2年567組[数学]文系発展(10⽉12日-),48,24,2,2023-12-01,2023-12-05,2023年度 > 高2,2023年度,高2,moodle_category,senior_high,数学,course_name,
562,2023年度⾼校2年1-2組[数学]理系基礎(1月26日-),2023年度⾼校2年1-2組[数学]理系基礎(1月26日-),32,16,2,2024-03-04,2024-03-06,2023年度 > 高2,2023年度,高2,moodle_category,senior_high,数学,course_name,1-2組
563,2023年度高校2年3-4組[数学]理系基礎(1月26日-),2023年度高校2年3-4組[数学]理系基礎(1月26日-),32,16,2,2024-03-04,2024-03-06,2023年度 > 高2,2023年度,高2,moodle_category,senior_high,数学,course_name,3-4組
564,2023年度高校2年567組[数学]文系発展(1月26日-),2023年度高校2年567組[数学]文系発展(1月26日-),64,32,2,2024-03-04,2024-03-06,2023年度 > 高2,2023年度,高2,moodle_category,senior_high,数学,course_name,
565,2023年度高校2年567組[数学]文系標準1(1月26日-),2023年度高校2年567組[数学]文系標準1(1月26日-),58,29,2,2024-03-04,2024-03-06,2023年度 > 高2,2023年度,高2,moodle_category,senior_high,数学,course_name,
566,2023年度高校2年567組[数学]文系基礎2(1月26日-),2023年度高校2年567組[数学]文系基礎2(1月26日-),42,21,2,2024-03-04,2024-03-06,2023年度 > 高2,2023年度,高2,moodle_category,senior_high,数学,course_name,
567,2023年度高校2年567組[数学]文系基礎1(1月26日-),2023年度高校2年567組[数学]文系基礎1(1月26日-),40,20,2,2024-03-04,2024-03-06,2023年度 > 高2,2023年度,高2,moodle_category,senior_high,数学,course_name,
568,2023年度高校2年3-4組[数学]理系発展(1月26日-),2023年度高校2年3-4組[数学]理系発展(1月26日-),80,40,2,2024-03-04,2024-03-06,2023年度 > 高2,2023年度,高2,moodle_category,senior_high,数学,course_name,3-4組
569,2023年度高校2年1-2組[数学]理系発展(1月26日-),2023年度高校2年1-2組[数学]理系発展(1月26日-),78,39,2,2024-03-04,2024-03-06,2023年度 > 高2,2023年度,高2,moodle_category,senior_high,数学,course_name,1-2組
57,2019年度前期英語[中3]B組,2019年度前期英語[中3]B組,78,40,2,2019-04-10,2019-09-11,2019年度前期 > 中3 > 英語,2019年度前期,中3,moodle_category,junior_high,英語,moodle_category,B組
570,2023年度高校2年3-4組[数学]理系標準(1月26日-),2023年度高校2年3-4組[数学]理系標準(1月26日-),52,26,2,2024-03-04,2024-03-06,2023年度 > 高2,2023年度,高2,moodle_category,senior_high,数学,course_name,3-4組
571,2023年度高校2年1-2組[数学]理系標準(1月26日-),2023年度高校2年1-2組[数学]理系標準(1月26日-),60,30,2,2024-03-04,2024-03-06,2023年度 > 高2,2023年度,高2,moodle_category,senior_high,数学,course_name,1-2組
59,2019年度前期英語[中3]C組,2019年度前期英語[中3]C組,77,40,2,2019-04-10,2019-09-11,2019年度前期 > 中3 > 英語,2019年度前期,中3,moodle_category,junior_high,英語,moodle_category,C組
590,2024年度中学1年A組[英語],2024年度中学1年A組[英語],238,40,6,2024-04-11,2025-01-30,2024年度 > 中1,2024年度,中1,moodle_category,junior_high,英語,course_name,A組
591,2024年度中学1年B組[英語],2024年度中学1年B組[英語],240,40,6,2024-04-11,2025-01-30,2024年度 > 中1,2024年度,中1,moodle_category,junior_high,英語,course_name,B組
592,2024年度中学1年C組[英語],2024年度中学1年C組[英語],240,40,6,2024-04-11,2025-01-30,2024年度 > 中1,2024年度,中1,moodle_category,junior_high,英語,course_name,C組
593,2024年度中学1年A組[数学],2024年度中学1年A組[数学],678,40,17,2024-04-11,2025-02-03,2024年度 > 中1,2024年度,中1,moodle_category,junior_high,数学,course_name,A組
594,2024年度中学1年B組[数学],2024年度中学1年B組[数学],680,40,17,2024-04-11,2025-02-03,2024年度 > 中1,2024年度,中1,moodle_category,junior_high,数学,course_name,B組
595,2024年度中学1年C組[数学],2024年度中学1年C組[数学],680,40,17,2024-04-11,2025-02-03,2024年度 > 中1,2024年度,中1,moodle_category,junior_high,数学,course_name,C組
596,2024年度中学1年A組[国語],2024年度中学1年A組[国語],79,40,2,2024-04-11,2024-10-08,2024年度 > 中1,2024年度,中1,moodle_category,junior_high,国語,course_name,A組
597,2024年度中学1年B組[国語],2024年度中学1年B組[国語],80,40,2,2024-04-11,2024-10-08,2024年度 > 中1,2024年度,中1,moodle_category,junior_high,国語,course_name,B組
598,2024年度中学1年C組[国語],2024年度中学1年C組[国語],80,40,2,2024-04-11,2024-10-08,2024年度 > 中1,2024年度,中1,moodle_category,junior_high,国語,course_name,C組
602,2024年度中学2年A組[英語],2024年度中学2年A組[英語],238,40,6,2024-04-11,2025-01-30,2024年度 > 中2,2024年度,中2,moodle_category,junior_high,英語,course_name,A組
603,2024年度中学2年B組[英語],2024年度中学2年B組[英語],240,40,6,2024-04-11,2025-01-30,2024年度 > 中2,2024年度,中2,moodle_category,junior_high,英語,course_name,B組
604,2024年度中学2年C組[英語],2024年度中学2年C組[英語],239,40,6,2024-04-11,2025-01-30,2024年度 > 中2,2024年度,中2,moodle_category,junior_high,英語,course_name,C組
605,2024年度中学2年A組[数学],2024年度中学2年A組[数学],638,40,16,2024-04-11,2025-02-03,2024年度 > 中2,2024年度,中2,moodle_category,junior_high,数学,course_name,A組
606,2024年度中学2年B組[数学],2024年度中学2年B組[数学],640,40,16,2024-04-11,2025-02-03,2024年度 > 中2,2024年度,中2,moodle_category,junior_high,数学,course_name,B組
607,2024年度中学2年C組[数学],2024年度中学2年C組[数学],639,40,16,2024-04-11,2025-02-03,2024年度 > 中2,2024年度,中2,moodle_category,junior_high,数学,course_name,C組
608,2024年度中学2年A組[国語],2024年度中学2年A組[国語],78,39,2,2024-04-11,2024-10-20,2024年度 > 中2,2024年度,中2,moodle_category,junior_high,国語,course_name,A組
609,2024年度中学2年B組[国語],2024年度中学2年B組[国語],80,40,2,2024-04-11,2024-10-20,2024年度 > 中2,2024年度,中2,moodle_category,junior_high,国語,course_name,B組
610,2024年度中学2年C組[国語],2024年度中学2年C組[国語],79,40,2,2024-04-11,2024-10-20,2024年度 > 中2,2024年度,中2,moodle_category,junior_high,国語,course_name,C組
614,2024年度中学3年A組[英語],2024年度中学3年A組[英語],240,40,6,2024-04-11,2025-01-30,2024年度 > 中3,2024年度,中3,moodle_category,junior_high,英語,course_name,A組
615,2024年度中学3年B組[英語],2024年度中学3年B組[英語],240,40,6,2024-04-11,2025-01-30,2024年度 > 中3,2024年度,中3,moodle_category,junior_high,英語,course_name,B組
616,2024年度中学3年C組[英語],2024年度中学3年C組[英語],239,40,6,2024-04-11,2025-01-30,2024年度 > 中3,2024年度,中3,moodle_category,junior_high,英語,course_name,C組
617,2024年度中学3年A組[数学],2024年度中学3年A組[数学],560,40,14,2024-04-11,2025-02-03,2024年度 > 中3,2024年度,中3,moodle_category,junior_high,数学,course_name,A組
618,2024年度中学3年B組[数学],2024年度中学3年B組[数学],560,40,14,2024-04-11,2025-02-03,2024年度 > 中3,2024年度,中3,moodle_category,junior_high,数学,course_name,B組
619,2024年度中学3年C組[数学],2024年度中学3年C組[数学],559,40,14,2024-04-11,2025-02-03,2024年度 > 中3,2024年度,中3,moodle_category,junior_high,数学,course_name,C組
620,2024年度中学3年A組[国語],2024年度中学3年A組[国語],80,40,2,2024-04-11,2024-10-20,2024年度 > 中3,2024年度,中3,moodle_category,junior_high,国語,course_name,A組
621,2024年度中学3年B組[国語],2024年度中学3年B組[国語],80,40,2,2024-04-11,2024-10-20,2024年度 > 中3,2024年度,中3,moodle_category,junior_high,国語,course_name,B組
622,2024年度中学3年C組[国語],2024年度中学3年C組[国語],79,40,2,2024-04-11,2024-10-20,2024年度 > 中3,2024年度,中3,moodle_category,junior_high,国語,course_name,C組
629,2024年度高校1年[英語]IECI,2024年度高校1年[英語]IECI,1394,280,5,2024-06-10,2025-02-20,2024年度 > 高1,2024年度,高1,moodle_category,senior_high,英語,course_name,
630,2024年度高校1年[英語]EECI,2024年度高校1年[英語]EECI,560,280,2,2024-06-06,2024-12-06,2024年度 > 高1,2024年度,高1,moodle_category,senior_high,英語,course_name,
631,2024年度高校1年1-2組[数学]内進,2024年度高校1年1-2組[数学]内進,312,39,8,2024-06-06,2025-02-25,2024年度 > 高1,2024年度,高1,moodle_category,senior_high,数学,course_name,1-2組
632,2024年度高校1年1-2組[数学]外進,2024年度高校1年1-2組[数学]外進,328,41,8,2024-06-06,2025-02-25,2024年度 > 高1,2024年度,高1,moodle_category,senior_high,数学,course_name,1-2組
633,2024年度高校1年3-4組[数学]内進,2024年度高校1年3-4組[数学]内進,312,39,8,2024-06-06,2025-02-25,2024年度 > 高1,2024年度,高1,moodle_category,senior_high,数学,course_name,3-4組
634,2024年度高校1年3-4組[数学]外進,2024年度高校1年3-4組[数学]外進,328,41,8,2024-06-06,2025-02-25,2024年度 > 高1,2024年度,高1,moodle_category,senior_high,数学,course_name,3-4組
635,2024年度高校1年5-7組[数学]内進,2024年度高校1年5-7組[数学]内進,304,38,8,2024-06-06,2025-02-25,2024年度 > 高1,2024年度,高1,moodle_category,senior_high,数学,course_name,5-7組
636,2024年度高校1年5-7組[数学]外進1,2024年度高校1年5-7組[数学]外進1,328,41,8,2024-06-06,2025-02-25,2024年度 > 高1,2024年度,高1,moodle_category,senior_high,数学,course_name,5-7組
637,2024年度高校1年5-7組[数学]外進2,2024年度高校1年5-7組[数学]外進2,328,41,8,2024-06-06,2025-02-25,2024年度 > 高1,2024年度,高1,moodle_category,senior_high,数学,course_name,5-7組
638,2024年度高校2年[英語]IECII,2024年度高校2年[英語]IECII,1116,279,4,2024-06-11,2025-03-05,2024年度 > 高2,2024年度,高2,moodle_category,senior_high,英語,course_name,
639,2024年度高校2年[英語]EECII,2024年度高校2年[英語]EECII,1116,279,4,2024-06-07,2025-02-26,2024年度 > 高2,2024年度,高2,moodle_category,senior_high,英語,course_name,
640,2024年度高校2年1-2組[数学]理系基礎(4月1日-),2024年度高校2年1-2組[数学]理系基礎(4月1日-),96,12,8,2024-06-06,2025-03-03,2024年度 > 高2,2024年度,高2,moodle_category,senior_high,数学,course_name,1-2組
641,2024年度高校2年3-4組[数学]理系基礎(4月1日-),2024年度高校2年3-4組[数学]理系基礎(4月1日-),96,12,8,2024-06-06,2025-03-03,2024年度 > 高2,2024年度,高2,moodle_category,senior_high,数学,course_name,3-4組
642,2024年度高校2年1-2組[数学]理系標準(4月1日-),2024年度高校2年1-2組[数学]理系標準(4月1日-),200,25,8,2024-06-06,2025-03-03,2024年度 > 高2,2024年度,高2,moodle_category,senior_high,数学,course_name,1-2組
643,2024年度高校2年3-4組[数学]理系標準(4月1日-),2024年度高校2年3-4組[数学]理系標準(4月1日-),200,25,8,2024-06-06,2025-03-03,2024年度 > 高2,2024年度,高2,moodle_category,senior_high,数学,course_name,3-4組
644,2024年度高校2年1-2組[数学]理系発展(4月1日-),2024年度高校2年1-2組[数学]理系発展(4月1日-),304,38,8,2024-06-06,2025-03-03,2024年度 > 高2,2024年度,高2,moodle_category,senior_high,数学,course_name,1-2組
645,2024年度高校2年3-4組[数学]理系発展(4月1日-),2024年度高校2年3-4組[数学]理系発展(4月1日-),304,38,8,2024-06-06,2025-03-03,2024年度 > 高2,2024年度,高2,moodle_category,senior_high,数学,course_name,3-4組
646,2024年度高校2年5-7組[数学]文系基礎(4月1日-),2024年度高校2年5-7組[数学]文系基礎(4月1日-),112,14,8,2024-06-06,2025-03-03,2024年度 > 高2,2024年度,高2,moodle_category,senior_high,数学,course_name,5-7組
647,2024年度高校2年5-7組[数学]文系標準1(4月1日-),2024年度高校2年5-7組[数学]文系標準1(4月1日-),280,35,8,2024-06-06,2025-03-03,2024年度 > 高2,2024年度,高2,moodle_category,senior_high,数学,course_name,5-7組
648,2024年度高校2年5-7組[数学]文系標準2(4月1日-),2024年度高校2年5-7組[数学]文系標準2(4月1日-),240,30,8,2024-06-06,2025-03-03,2024年度 > 高2,2024年度,高2,moodle_category,senior_high,数学,course_name,5-7組
649,2024年度高校2年5-7組[数学]文系発展(4月1日-),2024年度高校2年5-7組[数学]文系発展(4月1日-),400,50,8,2024-06-06,2025-03-03,2024年度 > 高2,2024年度,高2,moodle_category,senior_high,数学,course_name,5-7組
650,2024年度高校3年[英語]IECIII,2024年度高校3年[英語]IECIII,807,269,3,2024-06-11,2024-11-26,2024年度 > 高3,2024年度,高3,moodle_category,senior_high,英語,course_name,
651,2024年度高校3年[英語]EECIII,2024年度高校3年[英語]EECIII,807,269,3,2024-06-07,2024-12-10,2024年度 > 高3,2024年度,高3,moodle_category,senior_high,英語,course_name,
84,2019年度前期数学[中1]C組後半,2019年度前期数学[中1]C組後半,40,20,2,2019-04-10,2019-09-11,2019年度前期 > 中1 > 数学,2019年度前期,中1,moodle_category,junior_high,数学,moodle_category,C組
